,Unnamed: 0,Donor City,Donor State,Donor Zip,Donor Budget,Donor Age,Is Volunteer,Tax Rate,Months Since Last Donation,Shelter 1,Shelter 2,Shelter 3
0,0,Evanston,Illinois,602.0,178.37,96,1,0.32,15,1,0,0
1,1,Appomattox,other,245.0,25.0,57,0,0.37,16,1,1,0
2,2,Winton,California,953.0,20.0,75,0,0.24,1,0,0,1
3,3,Indianapolis,Indiana,462.0,25.0,20,0,0.1,17,1,0,1
4,4,Paterson,New Jersey,75.0,25.0,96,1,0.32,6,1,0,1
5,6,Stamford,Connecticut,69.0,50.0,68,0,0.12,7,0,0,0
6,7,Green Bay,Wisconsin,543.0,50.0,23,1,0.35,4,1,1,1
7,8,Argyle,New York,128.0,200.0,80,1,0.37,8,1,1,0
8,9,Valparaiso,Indiana,463.0,10.0,78,0,0.12,15,0,0,0
9,10,Villanova,Pennsylvania,190.0,100.0,73,0,0.22,5,1,0,0
10,11,Brick,New Jersey,87.0,25.0,44,0,0.35,9,1,0,0
11,12,Wilmington,Delaware,198.0,50.0,62,1,0.12,13,0,1,0
12,13,Pasadena,Texas,775.0,25.0,72,0,0.35,6,1,1,0
13,14,Mohegan Lake,New York,105.0,20.0,20,1,0.22,4,0,1,1
14,15,Old Fort,North Carolina,287.0,100.0,73,1,0.32,0,0,0,1
15,16,Quincy,Illinois,623.0,25.0,25,0,0.37,10,1,0,0
16,18,Grand Rapids,Michigan,495.0,250.0,74,1,0.24,13,0,0,0
17,19,Lancaster,Pennsylvania,176.0,10.0,64,1,0.35,4,1,0,0
18,20,Fort Washington,Maryland,207.0,25.0,59,1,0.12,12,1,1,1
19,21,East Stroudsburg,New York,183.0,25.0,72,0,0.35,1,1,1,1
20,22,Ocala,Florida,344.0,50.0,87,0,0.35,0,1,1,1
21,23,Indianapolis,Indiana,462.0,25.0,56,1,0.32,3,1,0,1
22,24,,New Jersey,,10.0,48,1,0.1,5,0,0,1
23,25,Honolulu,Hawaii,968.0,75.0,82,1,0.12,1,0,0,0
24,26,Circle Pines,Minnesota,550.0,595.28,31,0,0.1,7,1,0,1
25,27,Brooklyn,New York,112.0,282.6,78,1,0.24,9,0,0,1
26,28,Laurens,South Carolina,293.0,54.3,95,1,0.35,4,0,1,1
27,29,Molalla,Oregon,970.0,182.38,18,1,0.12,13,0,0,0
28,30,Smithville,Mississippi,388.0,10.0,28,1,0.24,2,0,1,0
29,31,Lowell,Michigan,493.0,50.0,77,0,0.1,14,1,1,0
30,32,Louisville,Kentucky,402.0,100.0,39,0,0.22,3,0,0,1
31,238,,other,,1.0,57,0,0.37,12,1,0,0
32,239,Chicago,Illinois,606.0,1.0,32,0,0.12,9,0,0,0
33,240,Walnut Creek,California,945.0,1.0,55,0,0.24,0,1,1,0
34,241,,Virginia,201.0,1.0,70,0,0.37,11,1,0,0
35,242,Vancouver,Washington,986.0,1.0,26,0,0.37,5,1,1,0
36,243,Downey,California,902.0,1.0,88,0,0.24,0,1,1,1
37,244,Philadelphia,Pennsylvania,191.0,1.0,21,0,0.37,10,0,0,1
38,245,Norman,Oklahoma,730.0,1.0,95,1,0.22,3,1,0,0
39,246,Oak Lawn,Illinois,604.0,1.0,45,0,0.32,16,1,0,1
40,247,Philadelphia,Pennsylvania,191.0,1.0,99,1,0.24,0,0,0,0
41,248,Dixfield,Maine,42.0,1.0,43,0,0.24,5,1,1,0
42,249,Atlanta,Texas,303.0,1.0,68,0,0.32,19,0,1,0
43,250,Nashville,Tennessee,372.0,1.0,90,0,0.22,18,1,1,0
44,251,Knierim,Iowa,505.0,1.0,69,1,0.32,19,0,0,1
45,252,Sugar Land,Texas,774.0,1.0,46,1,0.1,3,1,1,0
46,253,Kuna,Idaho,836.0,24.82,68,0,0.22,16,0,1,0
47,254,Katy,Texas,774.0,1.0,98,1,0.1,4,1,0,1
48,255,Springfield,Illinois,627.0,1.0,29,1,0.1,4,1,0,0
49,256,,California,963.0,2.0,97,0,0.35,11,1,0,1
50,257,,Ohio,,1.0,98,1,0.37,11,1,0,0
51,258,Dewitt,Michigan,488.0,1.0,86,1,0.12,16,0,0,0
52,259,Dallas,Texas,752.0,1.0,63,0,0.22,1,0,0,1
53,260,Escanaba,Michigan,498.0,1.0,96,1,0.35,0,0,1,1
54,261,Seattle,other,981.0,1.0,64,0,0.35,8,1,1,0
55,262,Rock Island,Illinois,612.0,1.0,34,0,0.35,3,0,1,1
56,263,Edgewater,Maryland,210.0,1.0,55,1,0.35,4,0,0,1
57,264,,other,,1.0,62,0,0.37,7,0,0,1
58,265,Lexington,South Carolina,290.0,25.0,50,1,0.24,14,0,1,1
59,266,New Haven,Connecticut,65.0,10.0,29,0,0.37,10,1,0,1
60,267,Merritt Island,Florida,329.0,25.0,35,0,0.12,18,1,1,1
61,268,Deland,Florida,327.0,1142.58,86,1,0.37,1,1,0,0
62,269,Waldport,Oregon,973.0,20.0,55,0,0.12,1,0,1,0
63,270,Summerville,South Carolina,294.0,382.75,43,0,0.32,11,0,0,0
64,271,Oak Park,Illinois,603.0,20.0,20,1,0.35,7,0,0,1
65,272,Palm Coast,Florida,321.0,25.0,45,0,0.22,9,0,0,0
66,273,Chevy Chase,Maryland,208.0,25.0,86,1,0.22,13,0,1,1
67,274,Denver,Colorado,802.0,25.0,44,1,0.12,14,0,1,1
68,275,Fernandina Beach,Florida,320.0,34.27,40,1,0.12,11,1,0,1
69,276,Jerome,Idaho,833.0,99.0,81,0,0.24,19,1,0,1
70,277,Berkeley,California,947.0,50.0,47,1,0.12,3,0,1,1
71,278,Saint Paul,Minnesota,551.0,25.0,83,0,0.12,8,1,1,0
72,279,Seattle,Washington,981.0,25.0,74,0,0.37,6,0,1,0
73,280,Lynnwood,Washington,980.0,100.0,19,0,0.37,7,0,0,1
74,281,Cumberland,Maryland,215.0,229.0,31,0,0.32,17,1,1,1
75,282,,Virginia,,20.0,61,0,0.22,13,0,0,1
76,283,Albany,New York,122.0,50.0,79,0,0.32,5,1,1,0
77,284,Tampa,Florida,336.0,10.0,37,1,0.24,3,0,1,0
78,285,Winter Park,Florida,327.0,50.0,50,0,0.37,17,0,0,0
79,286,,other,,50.0,44,0,0.37,17,1,0,0
80,287,,other,,50.0,22,1,0.35,9,0,0,1
81,288,Lumberton,New Jersey,80.0,50.0,75,0,0.35,9,0,0,0
82,289,Sacramento,California,958.0,50.0,99,0,0.24,11,1,1,0
83,290,Cheyenne,Wyoming,820.0,50.0,71,1,0.32,1,0,0,0
84,291,Yarmouth,Maine,40.0,50.0,29,0,0.32,9,1,0,1
85,292,Brooklyn,New York,112.0,100.0,30,1,0.32,10,0,0,1
86,293,Lincoln,Rhode Island,28.0,25.0,64,0,0.12,15,1,0,1
87,294,Oakland,California,946.0,154.72,61,0,0.24,16,1,1,0
88,295,Lexington,South Carolina,290.0,50.0,66,1,0.37,11,0,0,0
89,296,Chicago,Illinois,606.0,96.35,94,1,0.12,19,0,1,1
90,297,Wagener,South Carolina,291.0,100.0,25,1,0.35,14,0,1,0
91,298,Avon,Indiana,461.0,25.0,90,1,0.22,9,0,0,1
92,299,East Hanover,New Jersey,79.0,10.0,41,0,0.24,8,0,1,1
93,300,Alexandria,Virginia,223.0,25.61,97,0,0.37,19,1,1,0
94,301,Utica,Michigan,483.0,80.0,74,1,0.37,9,0,1,1
95,302,Nashua,New Hampshire,30.0,25.0,55,0,0.22,10,0,1,1
96,303,Los Angeles,California,900.0,5.0,92,0,0.32,0,0,1,0
97,304,Atascadero,California,934.0,25.0,21,1,0.32,17,0,0,0
98,305,Morehead City,North Carolina,285.0,20.0,65,0,0.12,11,1,0,0
99,306,Chicago,Illinois,606.0,50.0,97,0,0.12,3,1,1,0
100,307,Lawrence,Kansas,660.0,100.0,36,0,0.37,4,1,1,0
101,308,Omaha,Nebraska,681.0,25.0,85,0,0.35,19,0,1,0
102,309,,other,,50.0,50,0,0.35,3,0,1,0
103,310,Snohomish,Washington,982.0,25.0,54,0,0.12,19,0,1,1
104,311,Williamsburg,West Virginia,249.0,25.0,79,0,0.12,6,0,1,0
105,312,Houston,Texas,770.0,25.0,86,0,0.37,15,0,0,0
106,313,Sacramento,California,958.0,106.0,68,1,0.32,18,1,0,1
107,314,Fishers,Ohio,460.0,100.0,30,0,0.37,12,1,1,1
108,315,,other,,25.0,95,1,0.1,8,0,1,1
109,316,Lordsburg,New Mexico,880.0,40.21,75,0,0.24,0,0,1,0
110,317,Bethesda,District of Columbia,208.0,300.0,24,1,0.22,14,1,1,0
111,318,Orland Park,Illinois,604.0,25.0,36,0,0.22,2,0,0,1
112,319,Salem,Indiana,471.0,20.0,70,1,0.12,1,1,0,1
113,320,Chicago,Illinois,606.0,25.0,76,1,0.22,1,1,0,1
114,321,Springfield,Virginia,221.0,1.0,93,0,0.24,10,0,1,1
115,322,Newark,California,945.0,50.0,62,1,0.22,6,1,0,1
116,323,Las Vegas,Nevada,891.0,1.0,49,0,0.35,10,1,1,0
117,324,Las Vegas,Nevada,891.0,1.0,53,0,0.24,13,0,0,0
118,325,,other,,2.0,91,0,0.24,6,1,0,0
119,326,Charlotte,North Carolina,282.0,1.0,88,0,0.12,6,0,0,0
120,327,Elm City,North Carolina,278.0,1.0,91,1,0.35,19,0,0,1
121,328,Columbus,Ohio,432.0,1.0,98,0,0.24,5,0,1,0
122,329,Norwalk,Connecticut,68.0,1.0,39,0,0.37,12,1,1,0
123,330,Muskegon,Michigan,494.0,1.0,93,0,0.37,15,1,1,0
124,331,,New York,,1.0,46,1,0.12,18,1,1,1
125,332,Cypress,Texas,774.0,10.0,33,1,0.12,19,0,1,1
126,333,,Iowa,,1.0,57,1,0.35,0,0,1,0
127,334,Fargo,North Dakota,581.0,29.4,34,0,0.35,2,1,0,0
128,335,Novato,California,949.0,1.0,99,1,0.12,9,0,1,1
129,336,Maize,Kansas,671.0,1.0,94,1,0.35,5,1,0,1
130,337,Winona,Minnesota,559.0,10.0,62,1,0.12,4,1,1,0
131,338,Houston,Texas,770.0,125.0,71,1,0.35,9,1,0,1
132,339,Murrieta,California,925.0,35.48,28,1,0.32,19,0,0,1
133,340,North Andover,Massachusetts,18.0,25.0,38,0,0.22,2,0,1,1
134,341,Terral,Oklahoma,735.0,40.0,49,1,0.32,15,1,1,0
135,342,Santa Clara,California,950.0,300.0,61,0,0.35,3,0,1,0
136,343,Missouri City,Texas,774.0,25.0,73,0,0.22,3,1,0,1
137,344,Ozark,Arkansas,729.0,6.0,80,1,0.24,12,0,1,0
138,345,Vacaville,California,956.0,200.0,40,0,0.22,8,1,0,1
139,346,Martinez,California,945.0,114.22,30,1,0.1,9,0,1,0
140,347,Memphis,Tennessee,381.0,25.0,53,1,0.22,12,1,1,0
141,348,Temecula,California,925.0,10.0,57,1,0.24,4,0,1,1
142,349,New York,New York,102.0,124.4,92,1,0.35,6,0,0,1
143,350,Cincinnati,Ohio,452.0,25.0,37,0,0.12,11,1,0,1
144,351,Janesville,Wisconsin,535.0,25.0,43,0,0.12,6,1,0,0
145,352,Ellicott City,Maryland,210.0,25.0,71,1,0.37,9,0,0,0
146,353,Las Vegas,Nevada,891.0,25.0,54,1,0.12,1,1,1,1
147,354,San Leandro,California,945.0,20.0,93,1,0.24,14,1,0,1
148,355,McKinney,Texas,750.0,175.0,96,0,0.22,18,0,1,1
149,356,Placentia,California,928.0,10.0,80,0,0.1,0,1,0,1
150,357,San Francisco,California,941.0,25.0,89,1,0.24,17,1,1,1
151,358,,other,,100.0,25,1,0.32,15,0,1,0
152,359,Bellingham,Washington,982.0,25.0,85,1,0.12,11,0,0,1
153,360,Claremore,Oklahoma,740.0,25.0,23,0,0.22,11,0,0,1
154,361,New York,New York,100.0,25.0,26,1,0.12,12,0,0,0
155,362,Dassel,Minnesota,553.0,20.0,73,1,0.12,2,1,1,0
156,363,Radnor,Ohio,430.0,25.0,33,0,0.22,9,0,1,0
157,364,Woodhaven,New York,114.0,50.0,41,0,0.35,5,0,0,0
158,365,,California,,172.46,94,0,0.1,13,1,0,1
159,366,Hoboken,New Jersey,70.0,100.0,55,1,0.35,4,0,0,0
160,367,Plymouth,Indiana,465.0,100.0,24,1,0.22,12,0,1,0
161,368,Dedham,Massachusetts,20.0,50.0,74,0,0.22,7,0,1,0
162,369,Lagrange,Georgia,302.0,15.0,59,1,0.37,6,0,0,0
163,370,Hollywood,Florida,330.0,91.92,26,0,0.1,12,0,1,0
164,371,Salt Lake City,Utah,841.0,300.0,64,1,0.12,8,1,0,0
165,372,Ava,Illinois,629.0,20.0,57,1,0.37,12,1,1,1
166,373,Los Angeles,California,900.0,25.0,82,0,0.1,2,0,0,0
167,374,,Michigan,,25.0,92,1,0.22,6,1,1,0
168,375,El Paso,Texas,799.0,291.18,57,0,0.22,2,0,1,1
169,376,Wethersfield,Connecticut,61.0,20.0,40,1,0.12,15,0,1,0
170,377,San Bruno,California,940.0,50.0,66,1,0.35,3,1,1,0
171,378,Southbury,Connecticut,64.0,10.0,47,0,0.32,19,1,0,0
172,379,Grand Blanc,Michigan,484.0,100.0,72,0,0.1,6,0,1,1
173,380,Thibodaux,Louisiana,703.0,15.0,55,1,0.12,2,0,1,0
174,381,North Las Vegas,Nevada,890.0,100.0,59,0,0.32,9,0,0,1
175,382,Germantown,Tennessee,381.0,100.0,39,1,0.12,3,0,1,0
176,383,Eden,Texas,768.0,150.0,78,0,0.22,4,0,0,0
177,384,Weston,Florida,333.0,138.04,79,1,0.1,0,0,0,1
178,385,Anaheim,California,928.0,30.0,73,0,0.37,8,0,1,0
179,386,Allegan,Michigan,490.0,100.0,32,1,0.22,5,0,0,1
180,387,Oconomowoc,Wisconsin,530.0,83.54,35,1,0.12,13,1,1,1
181,388,Floral Park,New York,110.0,20.0,86,0,0.1,19,0,1,0
182,389,Jacksonville,Florida,322.0,50.0,57,1,0.12,1,0,0,1
183,390,East Elmhurst,New York,113.0,25.0,91,0,0.37,3,0,0,1
184,391,Monroe,North Carolina,281.0,100.0,24,0,0.24,9,1,0,0
185,392,Foxboro,Massachusetts,20.0,25.0,21,0,0.22,1,1,1,1
186,393,Culver City,California,902.0,20.0,70,1,0.1,7,0,0,1
187,394,Dewitt,Michigan,488.0,10.0,80,0,0.35,7,0,1,0
188,395,Nowata,Oklahoma,740.0,50.0,74,0,0.37,16,0,0,1
189,396,Pomona,California,917.0,20.0,76,0,0.35,14,0,1,1
190,397,Raleigh,North Carolina,276.0,20.0,75,0,0.12,11,0,1,1
191,398,Murrysville,Pennsylvania,156.0,10.0,23,1,0.24,13,1,1,1
192,399,Honolulu,Hawaii,968.0,200.0,77,0,0.32,2,0,0,0
193,400,Sycamore,Illinois,601.0,15.0,86,0,0.12,7,0,0,0
194,401,Asheville,North Carolina,288.0,25.0,73,0,0.32,14,0,0,1
195,402,Bakersfield,California,933.0,20.0,53,0,0.22,0,0,1,0
196,403,Marrero,Louisiana,700.0,50.0,26,1,0.35,9,1,1,1
197,404,Orange,California,928.0,25.0,76,0,0.12,13,1,1,1
198,405,Phoenix,Arizona,850.0,183.88,99,0,0.32,14,0,1,1
199,406,Tulsa,Oklahoma,741.0,20.0,18,1,0.24,19,0,0,0
200,407,Fort Lauderdale,Florida,333.0,20.0,66,0,0.35,18,1,1,1
201,408,Cottage Grove,Minnesota,550.0,20.0,98,1,0.22,13,1,0,0
202,409,,Massachusetts,,50.0,35,0,0.22,16,1,1,1
203,410,Louisa,Virginia,230.0,25.0,62,0,0.35,6,1,0,1
204,411,Brooklyn,New York,112.0,20.0,63,0,0.37,1,1,0,1
205,412,Cedar Park,Texas,786.0,50.0,53,0,0.32,9,0,0,0
206,413,Tulsa,Oklahoma,741.0,20.0,88,0,0.32,16,0,0,1
207,414,Manistique,Michigan,498.0,64.06,84,1,0.37,4,1,0,0
208,415,Conshohocken,Pennsylvania,194.0,35.0,56,1,0.1,6,0,1,0
209,416,Charlotte,North Carolina,282.0,300.0,29,0,0.35,18,0,1,0
210,417,San Antonio,Texas,782.0,50.0,67,1,0.35,2,1,1,1
211,418,Hempstead,New York,115.0,25.0,39,1,0.24,0,1,0,1
212,419,,Minnesota,,89.45,98,1,0.1,11,0,0,1
213,420,Huntington Park,California,902.0,10.0,26,0,0.12,0,1,1,1
214,421,Wheeling,Illinois,600.0,219.78,27,1,0.32,13,0,0,0
215,422,Bellevue,Washington,980.0,25.0,50,0,0.37,10,0,1,0
216,423,,other,,25.0,64,1,0.1,10,0,0,0
217,424,Charleston,South Carolina,294.0,20.0,84,1,0.22,0,0,1,0
218,425,Southgate,Michigan,481.0,1125.99,66,0,0.32,18,1,0,0
219,426,Minneapolis,Minnesota,554.0,500.0,30,0,0.12,3,1,1,1
220,427,Aurora,Colorado,800.0,25.0,19,0,0.35,14,1,1,0
221,428,Round Rock,Texas,786.0,50.0,84,1,0.32,2,1,0,0
222,429,Webster,New York,145.0,50.0,65,0,0.1,0,0,1,0
223,430,Clermont,Florida,347.0,25.0,38,1,0.37,5,1,0,1
224,431,Pearland,Texas,775.0,10.0,28,0,0.22,0,1,1,1
225,432,Austin,Texas,787.0,4.17,46,1,0.22,7,0,1,1
226,433,Bronx,New York,104.0,50.0,59,0,0.32,19,0,1,1
227,434,Milwaukee,Wisconsin,532.0,25.0,71,1,0.1,14,0,0,1
228,435,North Brookfield,Massachusetts,15.0,5.0,97,1,0.1,16,1,0,0
229,436,Portland,Oregon,972.0,99.0,54,0,0.37,3,1,1,1
230,437,,other,,10.0,46,0,0.32,5,0,1,0
231,438,Brooklyn,New York,112.0,1.14,50,1,0.35,6,0,1,1
232,439,Los Alamos,New Mexico,875.0,25.0,63,0,0.35,13,0,1,1
233,440,,Nevada,891.0,25.0,95,1,0.37,0,0,1,0
234,441,Branson,Missouri,656.0,20.0,64,1,0.12,6,0,0,1
235,442,Burtonsville,Maryland,208.0,10.0,44,1,0.37,13,1,1,1
236,443,Waltham,Massachusetts,24.0,20.0,57,1,0.24,14,0,0,1
237,444,Los Angeles,California,900.0,15.0,87,0,0.35,17,0,0,1
238,445,Chatham,New Jersey,79.0,25.0,74,1,0.12,12,0,1,1
239,446,Celina,Texas,750.0,5.0,29,0,0.37,9,0,1,1
240,447,East Northport,New York,117.0,7.5,75,1,0.37,5,1,0,1
241,448,Charlotte,North Carolina,282.0,55.0,48,1,0.32,2,0,1,0
242,449,,Washington,,25.0,93,0,0.32,5,1,1,0
243,450,Houston,Texas,770.0,10.0,95,1,0.37,8,1,1,0
244,451,Arcata,California,955.0,3.0,35,1,0.22,2,1,1,1
245,452,Cypress,California,906.0,50.0,37,0,0.37,15,1,0,1
246,453,Lake Worth,Florida,334.0,50.0,26,1,0.37,9,1,0,1
247,454,Philadelphia,Pennsylvania,191.0,50.0,37,0,0.1,12,1,1,0
248,455,Phoenix,Arizona,850.0,10.0,89,1,0.1,17,1,0,1
249,456,Daly City,California,940.0,100.0,67,1,0.37,12,1,1,1
250,457,Tahlequah,Oklahoma,744.0,15.0,53,0,0.35,13,0,1,0
251,458,Rochester,New York,146.0,50.0,41,0,0.35,1,0,0,0
252,459,Walnut Creek,California,945.0,47.62,51,1,0.24,17,0,0,1
253,460,Chesapeake,Virginia,233.0,25.0,27,1,0.22,14,1,1,0
254,461,Troy,Ohio,453.0,20.0,86,1,0.1,12,0,1,0
255,462,Taylorsville,Kentucky,400.0,100.0,18,0,0.35,12,1,1,0
256,463,White Hall,Maryland,211.0,20.0,78,1,0.37,9,0,1,1
257,464,Brooklyn,New York,112.0,100.2,69,0,0.12,7,0,0,1
258,465,Morton,Illinois,615.0,50.0,41,1,0.32,5,0,1,0
259,466,Savannah,Georgia,314.0,50.0,82,0,0.22,16,0,1,0
260,467,Arlington,Virginia,222.0,337.6,77,0,0.12,10,1,1,1
261,468,Reno,Nevada,895.0,25.0,59,1,0.35,1,1,0,1
262,469,,other,,50.0,53,0,0.22,8,1,0,0
263,470,South Burlington,Vermont,54.0,50.0,67,0,0.35,1,1,1,0
264,471,Boynton Beach,Florida,334.0,100.0,49,0,0.32,14,0,0,1
265,472,Corvallis,Oregon,973.0,86.61,78,1,0.12,12,0,1,1
266,473,Fort Worth,Texas,761.0,100.0,26,1,0.12,14,1,0,1
267,474,Billings,Montana,591.0,10.0,70,0,0.22,10,0,1,0
268,475,Magalia,California,959.0,25.0,41,1,0.1,7,1,0,1
269,476,Yulee,Florida,320.0,10.0,74,1,0.32,7,1,0,0
270,477,Salt Lake City,Utah,841.0,50.0,30,1,0.37,15,0,0,0
271,478,New York,New York,100.0,10.0,88,1,0.32,0,0,1,0
272,479,Chicago,Illinois,606.0,10.0,32,1,0.24,2,1,0,0
273,480,Alameda,California,945.0,100.0,85,1,0.24,6,0,0,1
274,481,,other,,58.65,61,1,0.37,18,1,1,1
275,482,Barrington,Illinois,600.0,100.0,49,1,0.32,17,1,1,1
276,483,Westport,Massachusetts,27.0,66.36,33,1,0.37,4,1,1,1
277,484,Stockbridge,Georgia,302.0,25.0,53,0,0.24,7,1,1,0
278,485,Peoria,Arizona,853.0,4.0,29,0,0.22,1,1,1,1
279,486,Manchester,Connecticut,60.0,10.0,67,1,0.22,17,0,0,0
280,487,Rancho Cucamonga,California,917.0,10.0,97,0,0.22,8,1,0,0
281,488,New York,New York,100.0,25.0,20,0,0.32,2,0,0,0
282,489,La Grange,Texas,789.0,25.0,81,1,0.22,3,1,1,1
283,490,Winnetka,Illinois,600.0,10.0,93,0,0.35,17,0,1,1
284,491,Muncie,other,473.0,15.0,85,0,0.32,12,0,0,0
285,492,Brooklyn,New York,112.0,25.0,65,1,0.37,8,0,1,0
286,493,,other,,25.0,48,0,0.37,0,0,1,0
287,494,Columbia,South Carolina,292.0,75.0,92,0,0.22,10,1,0,1
288,495,Glen Rose,Texas,760.0,25.0,67,0,0.24,16,0,0,1
289,496,Burleson,Texas,760.0,10.0,66,0,0.24,11,0,1,1
290,25886,New Britain,Connecticut,60.0,50.0,89,0,0.35,16,0,0,0
291,25887,Brockton,Massachusetts,23.0,50.0,78,1,0.24,8,1,1,0
292,25888,Bloomington,Illinois,617.0,25.0,90,1,0.24,8,0,0,0
293,25889,Keller,Texas,762.0,100.0,50,0,0.1,10,1,1,0
294,25890,Portland,Oregon,972.0,25.0,89,0,0.22,17,0,0,0
295,25891,Humble,Texas,773.0,10.0,18,0,0.1,9,0,1,0
296,25892,Seymour,Indiana,472.0,11.26,46,0,0.37,14,0,0,1
297,25893,Bristol,South Dakota,572.0,10.0,35,1,0.12,19,0,0,1
298,25894,Mesa,Arizona,852.0,10.0,61,0,0.37,16,0,1,0
299,25895,Anniston,Alabama,362.0,10.0,76,0,0.24,12,0,1,1
300,25896,Columbus,Ohio,432.0,5.0,97,1,0.12,9,0,1,0
301,25897,Ruston,Louisiana,712.0,25.0,21,0,0.1,2,1,1,1
302,25898,Astoria,New York,111.0,10.0,50,0,0.1,14,1,1,1
303,25899,Seattle,Washington,981.0,10.0,40,1,0.1,12,1,0,1
304,25900,Sandy,Texas,786.0,1.6,98,1,0.37,17,0,0,0
305,25901,Chicago,Illinois,606.0,10.0,66,1,0.22,19,0,1,0
306,25902,,California,,10.0,35,0,0.32,1,0,0,1
307,25903,Remington,Virginia,227.0,100.0,38,1,0.12,17,0,1,1
308,25904,Aiken,South Carolina,298.0,25.0,58,1,0.12,0,1,1,0
309,25905,Chandler,Arizona,852.0,10.0,65,0,0.12,10,1,0,0
310,25906,Eaton Rapids,Michigan,488.0,10.0,74,1,0.35,8,0,0,0
311,25907,Colorado Springs,Colorado,809.0,7.15,74,1,0.22,18,0,1,1
312,25908,Sandy,Utah,840.0,25.0,19,0,0.12,15,0,1,0
313,25909,,North Carolina,,10.0,35,1,0.37,5,0,1,0
314,25910,Carson,California,907.0,25.0,22,0,0.12,0,0,1,1
315,25911,Greenwood,Indiana,461.0,50.0,82,0,0.1,12,0,0,1
316,25912,Renton,Washington,980.0,100.0,69,1,0.1,6,0,1,1
317,25913,Jersey City,New Jersey,73.0,10.0,48,0,0.35,15,0,1,0
318,25914,Sun City,California,925.0,25.0,61,1,0.37,3,1,1,1
319,25915,Smithfield,North Carolina,275.0,50.0,80,1,0.24,3,1,1,1
320,25916,Lockhart,Texas,786.0,171.65,30,0,0.1,9,0,0,1
321,25917,Wilmington,Delaware,198.0,50.0,58,0,0.24,12,0,1,0
322,25918,Fort Wayne,Indiana,468.0,100.0,23,1,0.24,18,0,1,0
323,25919,Xenia,Ohio,453.0,20.0,87,0,0.24,1,1,0,1
324,25920,Nashville,Tennessee,372.0,50.0,80,1,0.12,6,0,1,0
325,25921,Corona,California,928.0,15.0,84,0,0.35,5,0,0,0
326,25922,Mount Pleasant,South Carolina,294.0,59.97,43,1,0.24,5,0,1,0
327,25923,Roy,Utah,840.0,29.99,38,1,0.24,17,1,1,0
328,25924,Portland,Oregon,972.0,25.0,22,1,0.12,3,0,1,0
329,25925,Brockton,Massachusetts,23.0,100.0,30,1,0.35,2,0,1,0
330,25926,New York,New York,100.0,50.0,22,1,0.24,16,1,0,1
331,25927,Wilmington,North Carolina,284.0,33.76,73,0,0.12,8,0,0,1
332,25928,South Plainfield,New Jersey,70.0,20.0,18,0,0.1,0,0,1,1
333,25929,Breckenridge,Texas,764.0,40.0,96,1,0.12,15,1,0,0
334,25930,Raleigh,North Carolina,276.0,1.0,93,1,0.1,13,0,0,1
335,25931,,New Mexico,,5.0,52,0,0.35,8,1,1,1
336,25932,Erie,Pennsylvania,165.0,1595.29,78,0,0.37,13,0,1,0
337,25933,Roanoke,Virginia,240.0,75.0,71,0,0.12,7,1,1,0
338,25934,San Mateo,California,944.0,58.99,75,1,0.12,4,1,0,0
339,25935,La Crescent,Minnesota,559.0,100.0,67,0,0.22,4,0,1,1
340,25936,Wilson,North Carolina,278.0,50.0,92,1,0.35,13,1,0,0
341,25937,Livermore,California,945.0,50.0,27,0,0.32,11,0,1,1
342,25938,Huntington Beach,California,926.0,100.0,83,0,0.12,16,1,1,0
343,25939,Morgan Hill,California,950.0,25.0,83,1,0.1,5,1,1,1
344,25940,Chesapeake,Virginia,233.0,5.0,47,0,0.24,3,1,0,0
345,25941,,Maine,,38.0,25,0,0.32,14,0,0,1
346,25942,Beaverton,Oregon,970.0,1.0,22,0,0.35,11,0,0,1
347,25943,,other,,40.58,99,0,0.32,3,0,1,1
348,25944,Oakland Gardens,New York,113.0,50.0,32,0,0.1,1,1,1,0
349,25945,,other,,1.0,44,0,0.37,18,1,0,1
350,25946,Kaysville,Utah,840.0,50.0,66,0,0.12,16,0,1,1
351,25947,Claremore,Oklahoma,740.0,50.0,24,0,0.35,8,1,1,0
352,25948,,Arizona,,10.0,57,1,0.37,9,0,0,1
353,25949,,Florida,334.0,25.74,55,1,0.12,6,0,1,0
354,25950,Prescott Valley,Arizona,863.0,12.17,80,1,0.12,0,0,1,1
355,25951,Columbia,South Carolina,292.0,15.0,79,1,0.32,2,0,1,0
356,25952,Novato,California,949.0,10.0,43,1,0.32,1,1,1,0
357,25953,,other,,1.0,54,1,0.37,10,0,1,1
358,25954,Astoria,New York,111.0,3.0,18,0,0.32,13,0,1,0
359,25955,Dallas,Texas,752.0,1.0,23,0,0.22,8,1,0,0
360,25956,Livermore,California,945.0,1.0,40,0,0.37,14,0,0,1
361,25957,Harrisonburg,Virginia,228.0,1.0,78,0,0.22,6,1,1,1
362,25958,Blackshear,Georgia,315.0,1.0,70,1,0.1,8,1,1,0
363,25959,Cincinnati,Ohio,452.0,1.0,72,1,0.24,16,1,1,0
364,25960,,California,920.0,50.0,48,1,0.1,16,0,1,0
365,25961,Taylor,Texas,765.0,1.0,43,0,0.32,2,1,1,0
366,25962,Winchester,Kentucky,403.0,1.0,75,0,0.22,15,0,1,1
367,25963,Falls Church,Virginia,220.0,1.0,63,1,0.32,13,0,0,1
368,25964,China Grove,North Carolina,280.0,16.0,32,1,0.32,9,0,1,0
369,25965,Yonkers,New York,107.0,1.0,63,1,0.35,13,0,0,0
370,25966,Bremerton,Washington,983.0,2.0,75,1,0.12,9,1,1,1
371,25967,Cary,Illinois,600.0,1.0,61,0,0.12,11,0,0,0
372,25968,North Hollywood,California,916.0,3.0,34,1,0.12,11,1,1,0
373,25969,,Utah,840.0,1.0,59,0,0.32,4,1,1,1
374,25970,,other,,4.0,30,0,0.1,6,0,1,1
375,25971,Saint Peters,Missouri,633.0,1.0,82,1,0.24,5,0,1,1
376,25972,Chicago,Illinois,606.0,2.0,87,0,0.37,10,0,1,0
377,25973,Berkeley,California,947.0,1.0,44,0,0.35,17,1,1,0
378,25974,Houston,Texas,770.0,1.0,23,0,0.24,13,1,1,1
379,25975,Sebastian,Florida,329.0,1.0,73,0,0.12,8,1,1,0
380,25976,North Ridgeville,Ohio,440.0,22.72,97,0,0.12,6,0,0,1
381,25977,Franklin,Massachusetts,20.0,5.0,55,1,0.32,16,1,0,1
382,25978,Humble,Texas,773.0,9.0,81,0,0.24,19,1,1,1
383,25979,,other,,1.0,97,1,0.35,4,0,1,1
384,25980,Janesville,Wisconsin,535.0,2.0,40,0,0.12,5,1,0,0
385,25981,Bountiful,Utah,840.0,5.0,35,0,0.22,19,0,1,1
386,25982,Atlanta,Georgia,303.0,2.0,28,1,0.32,15,1,0,1
387,25983,Cedarburg,Wisconsin,530.0,2.0,44,1,0.32,7,1,1,0
388,25984,Bronx,New York,104.0,1.0,64,1,0.22,6,1,0,0
389,25985,,North Carolina,275.0,1.0,36,1,0.1,10,0,1,0
390,25986,,North Carolina,,1.0,66,1,0.37,17,0,0,0
391,25987,Montrose,California,910.0,1.0,29,0,0.37,8,0,1,0
392,25988,Atlanta,Georgia,303.0,1.0,95,1,0.35,14,1,1,0
393,25989,Wyckoff,New Jersey,74.0,1.0,68,0,0.32,19,1,0,1
394,25990,Memphis,Tennessee,381.0,1.0,84,1,0.1,18,1,0,0
395,25991,Henderson,Kentucky,424.0,10.0,82,0,0.22,12,0,0,0
396,25992,La Verne,California,917.0,5.0,23,1,0.37,10,1,0,1
397,25993,Saint George,Utah,847.0,4.0,30,0,0.32,2,0,0,1
398,25994,Lynnwood,Washington,980.0,2.0,94,0,0.37,7,0,1,0
399,25995,Shawnee Mission,Kansas,662.0,2.0,62,0,0.24,13,1,1,0
400,25996,Newark,New Jersey,71.0,1.0,43,0,0.37,12,1,1,1
401,25997,Waxahachie,Texas,751.0,2.0,31,1,0.12,3,1,0,0
402,25998,Chicago,Illinois,606.0,1.0,93,1,0.24,2,1,0,0
403,25999,,other,,1.0,47,1,0.37,14,1,1,0
404,26000,Richmond,Texas,774.0,1.0,68,1,0.37,0,1,0,0
405,26001,Beallsville,Ohio,437.0,5.0,33,1,0.1,9,1,1,0
406,26002,Nashua,New Hampshire,30.0,1.0,44,1,0.37,4,0,1,1
407,26003,Saint Louis,Missouri,631.0,5.0,83,1,0.32,2,0,1,0
408,26004,Rockford,Illinois,611.0,5.0,19,1,0.37,9,0,1,1
409,26005,Durham,North Carolina,277.0,2.0,59,0,0.32,9,0,1,1
410,26006,Troy,Michigan,480.0,2.0,90,0,0.12,7,0,1,0
411,26007,West Newton,Massachusetts,24.0,5.0,58,0,0.37,13,1,1,1
412,26008,Glen Carbon,Illinois,620.0,1.0,97,1,0.24,18,1,1,1
413,26009,Clovis,California,936.0,2.0,96,0,0.24,17,0,1,0
414,26010,Illinois City,Illinois,612.0,2.0,38,1,0.35,15,0,0,0
415,26011,Easton,Maryland,216.0,1.0,35,0,0.1,15,1,1,0
416,26012,Jacksonville,Florida,322.0,1.0,55,1,0.35,3,1,1,0
417,26013,Bear,Delaware,197.0,1.0,93,1,0.32,9,0,0,1
418,26014,Sun City,California,925.0,15.0,82,0,0.24,4,1,0,1
419,26015,Geneva,New York,144.0,2.0,28,0,0.22,12,0,1,1
420,26016,Silver Spring,Maryland,209.0,1.0,42,1,0.32,5,0,0,1
421,26017,Saint Paul,Minnesota,551.0,48.0,96,0,0.1,8,0,0,0
422,26018,,other,,1.0,33,0,0.12,10,0,1,1
423,26019,Orange,California,928.0,1.0,74,1,0.32,3,0,1,1
424,26020,East Elmhurst,New York,113.0,1.0,21,0,0.24,2,1,1,0
425,26021,Wilmer,Alabama,365.0,5.0,61,0,0.24,3,0,1,0
426,26022,Asbury Park,New Jersey,77.0,2.0,68,1,0.37,1,0,1,1
427,26023,,Florida,346.0,1.0,91,1,0.35,3,0,0,1
428,26024,Camden,North Carolina,279.0,10.0,98,1,0.12,15,0,1,0
429,26025,Kansas City,Missouri,641.0,1.0,42,0,0.22,12,0,0,0
430,26026,Fort Collins,Colorado,805.0,1.0,76,1,0.1,18,1,1,0
431,26027,Niles,Illinois,607.0,1.0,18,0,0.24,15,1,1,0
432,26028,Nashville,Tennessee,372.0,1.0,52,1,0.32,19,0,0,0
433,26029,Columbus,Ohio,432.0,1.0,43,1,0.12,5,0,1,1
434,26030,Miami,Oklahoma,743.0,1.0,50,1,0.37,14,1,1,1
435,26031,Centre,Alabama,359.0,1.0,27,0,0.12,1,1,1,0
436,26032,Brunswick,Ohio,442.0,1.0,67,1,0.24,7,1,1,1
437,26033,Trenton,New Jersey,86.0,1.0,50,0,0.35,14,0,1,0
438,26034,Tulsa,Oklahoma,741.0,1.0,31,1,0.32,18,0,1,0
439,26035,Federal Way,Washington,980.0,2.0,99,1,0.12,1,1,1,1
440,26036,Freedom,Pennsylvania,150.0,1.0,93,1,0.12,11,0,1,0
441,26037,Tuckerton,New Jersey,80.0,1.0,84,0,0.32,5,1,1,0
442,26038,Fowler,Indiana,479.0,1.0,96,1,0.37,5,1,1,1
443,26039,Columbus,Ohio,432.0,1.0,53,0,0.22,13,0,1,0
444,26040,Carmel,Indiana,460.0,5.0,40,0,0.37,9,0,0,0
445,26041,Jeffersonville,Indiana,471.0,1.0,28,0,0.35,8,0,1,1
446,26042,Brooklyn,New York,112.0,1.0,96,0,0.1,0,0,1,1
447,26043,Oaklyn,New Jersey,81.0,3.0,45,1,0.22,5,1,0,1
448,26044,El Cerrito,California,945.0,4.0,25,1,0.37,12,1,1,1
449,26045,Old Lyme,Connecticut,63.0,3.0,48,1,0.35,13,0,0,1
450,26046,Morganton,North Carolina,286.0,1.0,91,0,0.22,8,0,0,0
451,26047,Waxahachie,Texas,751.0,1.0,50,0,0.37,17,1,0,0
452,26048,Bakersfield,California,933.0,1.0,61,1,0.35,10,1,1,1
453,26049,Lindstrom,Minnesota,550.0,29.0,45,1,0.24,5,1,1,1
454,26050,Tucson,Arizona,857.0,4.0,18,0,0.35,15,1,1,0
455,26051,Ellicott City,Maryland,210.0,1.0,78,0,0.12,11,1,1,1
456,26052,Depew,New York,140.0,5.0,63,1,0.12,15,1,1,0
457,26053,San Diego,California,921.0,5.0,89,1,0.12,17,1,0,1
458,26054,Elmwood Park,Illinois,607.0,1.0,57,0,0.37,6,1,0,1
459,26055,Tucson,Arizona,857.0,1.0,55,1,0.24,5,0,1,1
460,26056,Highland Park,New Jersey,89.0,1.0,47,0,0.37,12,1,0,1
461,26057,,other,,1.0,38,1,0.35,19,0,1,1
462,26058,Saint Cloud,Minnesota,563.0,1.0,99,1,0.1,0,1,0,0
463,26059,Boise,Idaho,837.0,1.0,88,0,0.24,13,1,1,0
464,26060,Haughton,Louisiana,710.0,1.0,20,1,0.37,7,0,0,0
465,26061,Perris,California,925.0,2.0,29,0,0.12,15,0,1,0
466,26062,Davenport,Iowa,528.0,1.0,83,1,0.35,1,0,0,1
467,26063,Santa Rosa,California,954.0,1.0,37,1,0.32,13,0,0,0
468,26064,State Line,Mississippi,393.0,2.0,42,1,0.35,9,0,1,1
469,26065,Mason,Michigan,488.0,1.0,98,0,0.1,17,0,0,0
470,26066,Antioch,California,945.0,1.0,79,0,0.1,15,0,1,1
471,26067,,Florida,334.0,1.0,87,1,0.12,9,0,1,1
472,26068,Raleigh,North Carolina,276.0,25.0,29,1,0.1,14,0,1,0
473,26069,,California,,200.0,68,1,0.12,19,1,0,0
474,26070,Klamath Falls,Oregon,976.0,10.0,32,0,0.37,19,0,1,0
475,26071,Dawsonville,Georgia,305.0,5.0,33,1,0.35,9,1,0,0
476,26072,San Diego,California,921.0,200.0,43,0,0.24,5,0,1,0
477,26073,Pleasanton,California,945.0,25.0,98,1,0.37,10,0,1,0
478,26074,Renton,Washington,980.0,89.59,40,1,0.12,4,0,1,1
479,26075,Le Roy,New York,144.0,46.46,73,1,0.32,9,0,0,1
480,26076,Baltimore,Maryland,212.0,473.0,37,0,0.37,10,1,0,1
481,26077,Salem,New Hampshire,30.0,435.92,99,1,0.32,17,0,1,1
482,26078,Blackfoot,Idaho,832.0,25.0,56,0,0.35,14,0,1,1
483,26079,Honolulu,Hawaii,968.0,10.0,23,0,0.24,7,1,0,1
484,26080,Flagstaff,Arizona,860.0,2670.59,32,1,0.37,10,0,0,1
485,26081,Philadelphia,Pennsylvania,191.0,25.0,44,0,0.12,19,0,1,1
486,26082,Framingham,Massachusetts,17.0,99.0,30,1,0.1,1,1,0,1
487,26083,Fort Mill,South Carolina,297.0,10.0,63,1,0.32,9,1,1,1
488,26084,Spring,Texas,773.0,50.0,38,1,0.37,17,1,1,0
489,26085,Danville,California,945.0,25.0,44,1,0.32,0,1,1,0
490,26086,Carlsbad,California,920.0,25.0,45,0,0.32,13,1,0,0
491,26087,Anchorage,Alaska,995.0,50.0,45,1,0.24,14,0,0,1
492,26088,Fair Oaks,California,956.0,10.0,53,1,0.32,17,0,1,0
493,26089,Kansas City,Missouri,641.0,100.0,93,1,0.1,19,1,0,1
494,26090,,Pennsylvania,,100.0,21,1,0.1,12,0,1,1
495,26091,Shawnee Mission,Kansas,662.0,50.0,50,0,0.22,18,0,1,0
496,26092,,Pennsylvania,,25.0,60,1,0.37,13,0,0,0
497,26093,Summerville,South Carolina,294.0,250.0,29,0,0.32,19,1,1,0
498,26094,Marble Rock,Iowa,506.0,25.0,25,1,0.37,11,1,0,1
499,26095,Chalmette,Louisiana,700.0,50.0,45,1,0.24,13,0,0,1
500,26096,Livingston,Louisiana,707.0,66.29,55,1,0.35,17,0,1,1
501,26097,Saint Paul,Minnesota,551.0,25.0,18,0,0.32,3,0,0,0
502,26098,Shafter,California,932.0,25.0,68,0,0.35,2,0,1,0
503,26099,Greenbelt,Maryland,207.0,88.79,34,1,0.24,2,1,1,0
504,26100,Miami,Florida,331.0,25.0,98,0,0.12,8,0,0,0
505,26101,West Jordan,Utah,840.0,424.97,90,0,0.35,6,1,1,0
506,26102,Stamford,Connecticut,69.0,175.0,23,1,0.32,19,0,0,0
507,26103,Dallas,Texas,752.0,25.0,72,1,0.32,4,0,1,1
508,26104,Cookeville,Tennessee,385.0,50.0,83,0,0.32,15,0,0,0
509,26105,Malden,Massachusetts,21.0,10.0,19,1,0.32,15,0,0,0
510,26106,Westwood,New Jersey,76.0,5.0,85,0,0.37,15,0,1,0
511,26107,Newburgh,New York,125.0,10.0,84,0,0.32,4,0,1,0
512,26108,Decatur,Georgia,300.0,15.0,84,1,0.22,19,1,1,1
513,26109,Tualatin,Oregon,970.0,10.0,55,1,0.37,0,1,0,0
514,26110,Tomball,Texas,773.0,200.0,48,1,0.24,13,1,1,0
515,26111,Astoria,New York,111.0,25.0,52,0,0.1,2,1,0,1
516,26112,Idyllwild,California,925.0,25.0,88,0,0.22,5,0,0,1
517,26113,Hopewell,Ohio,437.0,5.0,51,1,0.22,16,1,1,0
518,26114,Schaumburg,Illinois,601.0,25.0,25,0,0.32,17,0,0,1
519,26115,Marion,South Carolina,295.0,5.0,30,0,0.32,6,1,0,0
520,26116,Owens Cross Roads,Alabama,357.0,25.0,51,0,0.12,2,1,1,0
521,26117,,North Carolina,,20.0,62,0,0.12,9,1,1,1
522,26118,Bedford,Indiana,474.0,50.0,78,1,0.37,5,0,1,1
523,26119,South Hadley,Massachusetts,10.0,20.0,32,1,0.12,1,1,1,1
524,26120,Clinton Township,Michigan,480.0,20.0,43,0,0.35,3,0,0,0
525,26121,,other,,23.7,52,0,0.12,7,0,0,1
526,26122,Brookline,Massachusetts,24.0,25.0,42,1,0.32,14,0,0,1
527,26123,Madras,Oregon,977.0,5.0,68,1,0.37,6,0,0,0
528,26124,Washington,District of Columbia,200.0,100.0,28,1,0.32,3,1,1,0
529,26125,Avon,Connecticut,60.0,50.0,86,1,0.35,15,1,0,0
530,26126,Brooklyn,New York,112.0,10.0,78,0,0.35,11,0,1,0
531,26127,Milwaukee,Wisconsin,532.0,10.0,53,0,0.24,11,0,0,0
532,26128,Torrance,California,905.0,100.0,38,0,0.37,3,0,1,0
533,26129,Fort Myers,Florida,339.0,20.0,44,0,0.37,19,0,1,0
534,26130,Deerfield Beach,Florida,334.0,50.0,94,1,0.24,14,0,1,0
535,26131,San Pedro,California,907.0,50.0,24,1,0.37,19,0,0,1
536,26132,Smyrna,Georgia,300.0,25.0,61,1,0.24,5,1,0,1
537,26133,Lakeland,Florida,338.0,5.0,19,0,0.12,13,1,0,0
538,26134,,Arizona,852.0,25.0,26,0,0.24,10,0,1,1
539,26135,Orlando,Florida,328.0,124.26,71,1,0.24,4,1,1,1
540,26136,Visalia,California,932.0,10.0,26,1,0.35,5,1,1,1
541,26137,New River,Arizona,852.0,10.0,24,1,0.32,14,1,1,1
542,26138,Elk Grove,California,957.0,50.0,68,1,0.32,4,0,0,1
543,26139,Oakland,California,946.0,75.0,52,1,0.1,19,1,1,0
544,26140,Las Vegas,Nevada,891.0,100.0,63,0,0.35,4,1,0,0
545,26141,San Jose,California,951.0,50.0,67,1,0.35,18,1,1,0
546,26142,San Jose,California,951.0,10.0,32,1,0.35,11,1,0,0
547,26143,Michigantown,Indiana,460.0,5.0,95,0,0.24,1,0,1,0
548,26144,Braintree,Massachusetts,21.0,1.0,85,0,0.22,10,1,1,1
549,26145,Trinity,Texas,758.0,10.0,79,0,0.12,15,0,1,0
550,26146,Cedar Hill,Texas,751.0,10.0,46,1,0.12,9,0,1,0
551,26147,Prairieville,Louisiana,707.0,25.0,52,1,0.1,14,1,0,1
552,26148,La Grange Park,Illinois,605.0,5.0,92,1,0.22,17,0,1,1
553,26149,Los Angeles,California,900.0,10.0,38,0,0.22,2,1,1,1
554,26150,Cincinnati,Ohio,452.0,104.24,88,1,0.12,5,0,1,0
555,26151,Houston,Kentucky,770.0,100.0,37,0,0.32,8,1,1,1
556,26152,Billerica,Massachusetts,18.0,85.16,44,1,0.37,12,0,1,0
557,26153,Spring,Texas,773.0,100.0,97,1,0.12,12,1,1,1
558,26154,Granada Hills,California,913.0,26.0,62,0,0.35,6,0,1,0
559,26155,Brooklyn,New York,112.0,50.0,66,0,0.35,2,0,1,1
560,26156,Saint Clair Shores,Michigan,480.0,10.0,84,0,0.22,17,0,1,0
561,26157,Katy,Texas,774.0,42.89,39,1,0.32,8,0,0,1
562,26158,Minneapolis,Minnesota,554.0,25.0,69,0,0.37,15,0,1,0
563,26159,North Palm Beach,Florida,334.0,1.0,62,0,0.12,4,0,0,1
564,26160,Alpharetta,Georgia,300.0,50.0,56,0,0.1,3,0,0,0
565,26161,Sayville,New York,117.0,10.0,87,1,0.32,19,1,1,1
566,26162,Pleasantville,New York,105.0,50.0,20,0,0.24,8,1,1,1
567,26163,Cripple Creek,Colorado,808.0,10.0,82,0,0.35,7,1,0,1
568,26164,Astoria,New York,111.0,10.0,29,1,0.22,4,0,1,0
569,26165,Oceanside,California,920.0,10.0,20,0,0.12,2,1,0,1
570,26166,Babylon,New York,117.0,2.0,27,1,0.1,11,0,1,1
571,26167,Dallas,Texas,752.0,20.0,48,1,0.12,13,1,1,1
572,26168,Arlington,Virginia,222.0,15.87,49,1,0.22,19,1,1,0
573,26169,Frisco,Texas,750.0,1.0,67,0,0.24,0,1,1,1
574,26170,Wheatland,Indiana,475.0,293.0,26,0,0.12,18,1,0,1
575,26171,De Queen,Arkansas,718.0,5.0,67,0,0.1,18,0,0,1
576,26172,Lansdale,Pennsylvania,194.0,5.0,36,0,0.32,18,0,1,0
577,26173,Palos Hills,Illinois,604.0,1.0,98,1,0.12,19,1,0,0
578,26174,,Montana,,10.0,32,0,0.32,11,0,0,1
579,26175,Fredericksburg,Virginia,224.0,15.0,39,0,0.24,12,1,0,0
580,26176,New York,New York,100.0,1.0,18,0,0.12,10,0,1,1
581,26177,Corona,California,928.0,10.0,51,1,0.22,19,1,0,1
582,26178,Rego Park,New York,113.0,1.44,93,1,0.12,10,0,1,0
583,26179,,Nevada,894.0,1.0,24,1,0.24,10,0,1,1
584,26180,Agoura Hills,California,913.0,10.0,48,0,0.1,2,1,0,1
585,26181,Glendale,California,912.0,1.5,23,1,0.37,11,1,1,0
586,26182,,other,,1.0,98,1,0.24,10,1,1,0
587,26183,Mount Pleasant,South Carolina,294.0,25.0,35,1,0.24,16,0,1,0
588,26184,Chandler,Arizona,852.0,5.0,71,1,0.37,8,0,1,0
589,26185,Knoxville,Tennessee,379.0,1.0,62,1,0.37,11,0,1,0
590,26186,Dallas,Texas,752.0,1.0,76,1,0.35,10,1,0,1
591,26187,Chattanooga,Tennessee,374.0,1.0,46,1,0.35,16,1,0,1
592,26188,,Florida,,1.0,68,0,0.35,5,0,1,0
593,26189,Astoria,New York,111.0,1.0,62,0,0.32,5,0,1,1
594,26190,Papillion,Nebraska,680.0,1.0,53,1,0.37,10,1,0,1
595,26191,Pittsburg,California,945.0,2.0,37,0,0.1,3,1,1,0
596,26192,,other,,42.78,61,0,0.22,13,1,0,0
597,26193,San Leandro,California,945.0,25.0,36,0,0.24,8,0,1,1
598,26194,Chicago,Illinois,606.0,50.0,57,1,0.12,7,1,0,0
599,26195,,California,,50.0,59,0,0.1,7,0,1,0
600,26196,Palm Springs,California,922.0,25.0,20,1,0.1,1,1,0,0
601,26197,Centreville,Virginia,201.0,50.0,55,0,0.32,5,1,0,0
602,26198,Chatham,Massachusetts,26.0,65.76,40,1,0.1,9,1,0,1
603,26199,North East,Maryland,219.0,25.0,27,1,0.32,6,1,0,0
604,26200,McKinney,Texas,750.0,50.0,62,1,0.22,5,0,0,1
605,26201,Los Angeles,California,900.0,25.0,60,0,0.1,5,1,0,0
606,26202,Austin,Texas,787.0,40.01,25,1,0.35,9,1,1,1
607,26203,Trevor,Wisconsin,531.0,50.0,60,1,0.32,14,0,1,0
608,26204,Keithville,Louisiana,710.0,25.0,64,1,0.37,6,1,0,1
609,26205,Splendora,Texas,773.0,50.0,25,0,0.37,10,0,1,0
610,26206,Shelbyville,Indiana,461.0,50.0,76,1,0.22,1,0,1,0
611,26207,Cleveland,Ohio,441.0,25.0,26,1,0.24,0,0,1,0
612,26208,Brenham,Texas,778.0,25.0,64,1,0.12,5,1,1,0
613,26209,Philadelphia,Pennsylvania,191.0,10.0,66,0,0.1,3,0,1,1
614,26210,,Pennsylvania,,20.0,34,0,0.32,1,0,1,0
615,26211,Melbourne,Florida,329.0,944.33,26,1,0.22,4,0,1,0
616,26212,,New Jersey,,25.0,87,1,0.37,2,1,0,0
617,26213,Shawnee Mission,Kansas,662.0,20.0,35,0,0.12,7,1,1,1
618,26214,Pittsburgh,Pennsylvania,152.0,136.55,50,0,0.37,5,1,1,0
619,26215,Birmingham,Alabama,352.0,25.0,54,0,0.22,1,1,0,1
620,26216,Oakley,California,945.0,50.0,86,1,0.35,1,0,1,1
621,26217,Los Angeles,California,900.0,15.0,23,0,0.22,5,1,0,0
622,26218,Spring,other,773.0,10.0,99,0,0.35,13,1,1,0
623,26219,Etters,Pennsylvania,173.0,99.0,80,1,0.37,8,1,0,1
624,26220,Reading,Massachusetts,18.0,125.0,74,1,0.1,10,1,0,1
625,26221,Whiting,Indiana,463.0,170.0,81,0,0.24,10,1,1,0
626,26222,Saint Martinville,Louisiana,705.0,20.0,67,0,0.35,3,0,0,1
627,26223,Salt Lake City,Utah,841.0,25.0,95,1,0.37,10,0,0,0
628,26224,East Bridgewater,Massachusetts,23.0,15.0,26,0,0.22,1,0,1,1
629,26225,Philadelphia,Pennsylvania,191.0,50.0,75,1,0.22,1,0,1,1
630,26226,Canton,Michigan,481.0,20.0,56,0,0.24,14,1,0,0
631,26227,Excelsior,Minnesota,553.0,50.0,67,1,0.35,6,0,0,0
632,26228,Brick,New Jersey,87.0,150.0,63,1,0.22,18,0,1,1
633,26229,Whitmore Lake,Michigan,481.0,50.0,64,0,0.24,16,0,1,0
634,26230,Hazelwood,Missouri,630.0,50.0,80,0,0.35,14,1,0,0
635,26231,Tempe,Arizona,852.0,22.72,65,1,0.35,14,0,0,0
636,26232,Sunnyvale,California,940.0,50.0,42,1,0.24,13,0,1,1
637,26233,,other,,5.0,29,1,0.1,12,0,0,1
638,26234,Carrollton,Texas,750.0,1.0,40,0,0.37,7,1,1,0
639,26235,South Bend,Indiana,466.0,5.0,49,0,0.37,5,0,0,0
640,26236,Murfreesboro,Tennessee,371.0,5.0,91,1,0.37,11,1,1,0
641,26237,Winchester,Virginia,226.0,8.54,76,1,0.1,2,1,1,1
642,26238,Mcalester,Oklahoma,745.0,20.0,96,0,0.12,14,1,0,0
643,26239,Pompano Beach,Florida,330.0,5.0,48,0,0.22,0,0,1,0
644,26240,Saint Marys,Georgia,315.0,10.0,80,0,0.32,0,0,0,1
645,26241,Staten Island,New York,103.0,10.0,33,0,0.22,9,1,1,0
646,26242,Osseo,Minnesota,553.0,125.0,19,1,0.32,8,1,0,1
647,26243,Westfield,New Jersey,70.0,10.0,31,1,0.35,19,0,0,0
648,26244,Port Orchard,Washington,983.0,32.47,63,0,0.24,2,0,1,0
649,26245,Flint,Michigan,485.0,20.0,76,0,0.12,14,1,1,1
650,26246,,other,,25.0,57,0,0.37,7,1,1,0
651,26247,Chicago,Illinois,606.0,100.0,48,0,0.37,9,1,1,1
652,26248,Denham Springs,Louisiana,707.0,50.0,83,1,0.35,6,1,1,0
653,26249,Omaha,Nebraska,681.0,93.2,59,1,0.35,4,1,0,1
654,26250,Ronkonkoma,New York,117.0,25.0,60,0,0.12,7,0,1,0
655,26251,Clayton,Ohio,453.0,50.0,62,1,0.35,10,0,0,0
656,26252,,other,,135.0,84,0,0.22,17,0,0,0
657,26253,Skaneateles,New York,131.0,50.0,39,1,0.1,5,0,1,1
658,26254,Lewisburg,Florida,370.0,50.0,36,0,0.22,0,0,0,0
659,26255,Fruita,Colorado,815.0,50.0,88,0,0.12,9,1,1,0
660,26256,,Nebraska,,25.0,24,0,0.22,19,0,0,0
661,26257,Berkley,Michigan,480.0,25.0,78,0,0.22,17,0,1,0
662,26258,Los Angeles,California,900.0,20.0,71,1,0.37,1,0,1,1
663,26259,King City,California,939.0,25.0,42,1,0.32,19,0,1,1
664,26260,Alabaster,Alabama,350.0,20.0,45,0,0.35,3,1,0,1
665,26261,Hamden,Connecticut,65.0,10.0,76,0,0.1,7,0,0,0
666,26262,Petal,Mississippi,394.0,39.78,50,0,0.22,18,0,1,1
667,26263,Talladega,Alabama,351.0,99.0,33,0,0.35,0,1,1,0
668,26264,Fullerton,California,928.0,1.0,20,1,0.37,10,0,1,0
669,26265,Mill Valley,California,949.0,50.0,29,1,0.37,18,1,1,1
670,26266,Delray Beach,Florida,334.0,10.0,50,1,0.22,4,0,0,1
671,26267,Gonzales,Louisiana,707.0,50.0,47,1,0.12,11,0,1,0
672,26268,Atlanta,Georgia,303.0,150.0,77,0,0.1,1,0,0,0
673,26269,Springfield,Illinois,627.0,181.0,89,0,0.37,19,0,1,1
674,26270,San Antonio,Texas,782.0,40.0,42,1,0.22,0,0,1,0
675,26271,Port Orange,Florida,321.0,168.32,33,0,0.24,1,1,1,1
676,26272,Oviedo,Florida,327.0,25.0,89,0,0.37,11,1,1,1
677,26273,Port Charlotte,Florida,339.0,50.0,28,0,0.12,19,1,1,1
678,26274,New York,New York,100.0,50.0,75,1,0.24,0,1,1,1
679,26275,San Dimas,California,917.0,200.0,42,0,0.24,3,0,0,0
680,26276,Warsaw,Missouri,653.0,130.78,38,0,0.1,17,0,1,0
681,26277,,other,,50.0,22,1,0.32,0,1,1,0
682,26278,Brighton,Massachusetts,21.0,10.0,20,1,0.12,16,0,0,1
683,26279,Cambridge,Massachusetts,21.0,50.0,72,0,0.37,4,0,1,0
684,26280,Ocean Shores,Washington,985.0,250.0,84,0,0.35,16,0,0,0
685,26281,Navasota,Texas,778.0,20.0,93,0,0.37,7,1,0,0
686,26282,Encino,California,913.0,50.0,27,0,0.1,0,0,1,0
687,26283,Belmont,Massachusetts,24.0,50.0,78,1,0.1,16,1,1,1
688,26284,Fort Morgan,Colorado,807.0,25.0,29,1,0.12,1,1,1,0
689,26285,Cumming,Georgia,300.0,10.0,97,0,0.22,0,0,0,1
690,26286,Ashland,Massachusetts,17.0,19.5,56,1,0.12,17,1,1,1
691,26287,Jonesboro,Georgia,302.0,100.0,27,1,0.22,10,0,1,0
692,26288,Harrison,Michigan,486.0,5.0,62,0,0.1,3,1,1,1
693,26289,,other,,50.0,65,1,0.24,2,1,1,0
694,26290,Ann Arbor,Michigan,481.0,342.48,91,0,0.1,16,1,0,1
695,26291,,other,,25.0,80,1,0.1,1,0,0,0
696,26292,Shreveport,Louisiana,711.0,10.0,62,0,0.24,15,0,0,1
697,26293,Stratford,Connecticut,66.0,100.0,28,0,0.1,14,1,0,0
698,26294,,other,,20.0,56,0,0.24,3,1,1,1
699,26295,Chicago,Illinois,606.0,20.0,18,1,0.22,8,0,0,1
700,26296,Leland,Michigan,496.0,10.0,65,1,0.22,2,0,1,0
701,26297,,other,,200.0,63,1,0.1,12,0,0,1
702,26298,Blacklick,Ohio,430.0,10.0,62,1,0.35,17,1,0,1
703,26299,Three Rivers,California,932.0,5.0,83,1,0.35,8,0,0,0
704,26300,,California,,35.0,98,0,0.35,6,1,0,1
705,26301,,other,,5.0,22,1,0.37,1,1,0,0
706,26302,Little Rock,Arkansas,722.0,5.0,53,0,0.12,19,0,1,1
707,26303,Yuba City,California,959.0,25.0,93,1,0.32,11,1,0,0
708,26304,Fort Lauderdale,Florida,333.0,20.0,31,1,0.37,0,0,1,0
709,26305,,other,,20.0,71,0,0.1,6,0,1,0
710,26306,,Louisiana,,10.0,73,1,0.22,9,1,1,1
711,26307,San Francisco,California,941.0,20.0,68,1,0.22,4,1,0,1
712,26308,Maineville,Ohio,450.0,100.0,23,0,0.32,12,0,1,0
713,26309,Ypsilanti,Michigan,481.0,15.0,55,1,0.22,10,1,1,0
714,26310,,Delaware,,113.26,29,1,0.22,9,0,0,0
715,26311,Whittier,California,906.0,75.0,68,1,0.37,3,0,0,1
716,26312,Indiana,Pennsylvania,157.0,129.26,86,1,0.1,7,0,1,0
717,26313,Santa Maria,California,934.0,25.0,67,1,0.32,7,0,1,0
718,26314,Bothell,Washington,980.0,1.0,31,1,0.12,16,1,0,1
719,26315,Cardiff By The Sea,California,920.0,1.0,80,1,0.24,14,1,1,1
720,26316,Taylor,Michigan,481.0,1.0,63,0,0.35,16,0,0,1
721,26317,Germantown,Maryland,208.0,5.0,40,0,0.35,12,0,1,1
722,26318,Oakland,California,946.0,70.0,49,0,0.22,4,0,0,0
723,26319,,other,,1.0,93,1,0.12,13,0,1,1
724,26320,Chesapeake,Virginia,233.0,5.0,42,0,0.22,10,0,0,0
725,26321,Lacona,Iowa,501.0,1.0,93,0,0.37,13,0,0,1
726,26322,Charlotte,North Carolina,282.0,1.0,72,0,0.1,12,0,1,0
727,26323,Mundelein,Illinois,600.0,37.11,64,1,0.32,1,0,1,1
728,26324,Altoona,Iowa,500.0,15.0,53,1,0.1,17,0,0,1
729,26325,La Crescenta,California,912.0,1.0,52,0,0.32,14,1,0,1
730,26326,Chicago,Illinois,606.0,20.0,50,1,0.1,14,1,0,1
731,26327,Jersey City,New Jersey,73.0,50.0,86,1,0.37,11,0,1,0
732,26328,,other,,60.0,53,0,0.12,16,0,0,1
733,26329,Livermore,California,945.0,20.0,39,1,0.22,5,0,0,1
734,26330,Glen Mills,Pennsylvania,193.0,50.0,21,1,0.22,16,1,0,1
735,26331,Columbus,Ohio,432.0,100.0,81,1,0.12,14,0,0,0
736,26332,Orlando,Florida,328.0,25.0,82,0,0.22,7,0,1,0
737,26333,Katy,Texas,774.0,154.01,97,1,0.35,10,1,0,0
738,26334,Hendersonville,Tennessee,370.0,50.0,98,1,0.37,1,1,1,0
739,26335,Dallas,Texas,752.0,479.93,43,1,0.22,9,1,0,0
740,26336,Lumberton,Texas,776.0,10.0,49,0,0.24,12,1,1,1
741,26337,Bensalem,Pennsylvania,190.0,93.0,48,0,0.24,7,1,1,0
742,26338,Woodside,New York,113.0,314.61,58,0,0.22,19,0,0,0
743,26339,Copperas Cove,Texas,765.0,50.0,48,1,0.35,19,1,0,0
744,26340,Fanwood,New Jersey,70.0,100.0,68,1,0.35,7,1,1,0
745,26341,Atlanta,Georgia,303.0,50.0,84,0,0.22,10,0,1,1
746,26342,Anaheim,California,928.0,25.0,46,0,0.35,9,1,0,0
747,26343,Mesa,Arizona,852.0,658.18,50,1,0.24,15,0,0,1
748,26344,Gibsonville,North Carolina,272.0,25.0,63,0,0.22,19,0,1,0
749,26345,Miami,other,331.0,25.0,26,0,0.12,3,1,0,1
750,26346,Pasadena,Texas,775.0,50.0,44,1,0.24,19,0,1,0
751,26347,New York,New York,100.0,50.0,56,1,0.24,12,0,0,1
752,26348,Austin,Texas,787.0,30.48,30,1,0.35,7,1,1,1
753,26349,Bloomfield,New Jersey,70.0,50.0,42,1,0.32,11,0,1,0
754,26350,Fort Worth,Texas,761.0,25.0,68,1,0.12,15,0,1,1
755,26351,Springfield,New Jersey,70.0,10.0,35,1,0.12,4,1,1,1
756,26352,Danbury,Connecticut,68.0,25.0,76,0,0.22,3,0,1,1
757,26353,Cranford,New Jersey,70.0,25.0,67,0,0.1,11,0,1,0
758,26354,Lamar,Missouri,647.0,25.0,62,1,0.12,10,1,0,1
759,26355,Nashua,New Hampshire,30.0,25.0,57,0,0.37,19,0,1,1
760,26356,Hopewell,Virginia,238.0,50.0,86,1,0.32,19,1,0,0
761,26357,Blackwood,New Jersey,80.0,25.0,32,1,0.24,15,0,0,0
762,26358,Durham,North Carolina,277.0,169.14,71,0,0.12,7,1,1,1
763,26359,Murfreesboro,Tennessee,371.0,5.0,24,1,0.12,7,0,1,0
764,26360,Lawson,Missouri,640.0,1.0,58,0,0.32,2,0,0,1
765,26361,Mcpherson,Kansas,674.0,1.0,51,1,0.24,12,0,1,0
766,26362,Chalfont,Pennsylvania,189.0,1.0,42,1,0.37,6,0,1,0
767,26363,Rocky Mount,North Carolina,278.0,1.0,65,0,0.24,13,0,1,0
768,26364,San Francisco,California,941.0,1.0,31,1,0.1,5,0,1,1
769,26365,Las Vegas,Nevada,891.0,1.0,84,1,0.32,9,0,1,0
770,26366,Birmingham,Alabama,352.0,1.0,57,0,0.37,4,0,0,1
771,26367,,Washington,,25.0,38,0,0.1,2,1,0,1
772,26368,Mattapan,Massachusetts,21.0,50.0,60,0,0.24,2,1,1,1
773,26369,San Marcos,California,920.0,10.0,78,0,0.24,3,0,0,0
774,26370,,other,,99.0,85,0,0.22,18,1,1,0
775,26371,Litchfield,Minnesota,553.0,5.0,55,1,0.1,16,1,0,1
776,26372,Santa Barbara,California,931.0,174.06,78,1,0.1,17,0,0,1
777,26373,,Hawaii,,25.0,76,1,0.32,13,1,1,1
778,26374,,California,,75.0,62,1,0.1,9,0,1,0
779,26375,Staten Island,New York,103.0,1.0,34,1,0.32,15,1,1,1
780,26376,Santa Monica,California,904.0,1.0,20,1,0.22,1,0,0,1
781,26377,Waterford,Michigan,483.0,2.0,83,0,0.1,0,0,0,1
782,26378,Springfield,Ohio,455.0,25.0,65,0,0.12,1,0,1,1
783,26379,Houston,Texas,770.0,25.0,24,1,0.1,17,0,1,0
784,26380,Chandler,Arizona,852.0,10.0,96,1,0.32,7,0,0,0
785,26381,Wylie,Texas,750.0,5.0,74,1,0.24,15,0,1,0
786,26382,Tampa,Florida,336.0,50.0,95,0,0.35,19,0,0,1
787,26383,Raleigh,North Carolina,276.0,1.0,68,0,0.12,2,0,0,0
788,26384,Waxhaw,North Carolina,281.0,25.0,50,0,0.12,8,0,1,1
789,26385,Ore City,Texas,756.0,50.0,24,0,0.37,1,1,0,1
790,26386,Wichita,Kansas,672.0,2.0,82,0,0.22,18,0,0,0
791,26387,Port Washington,Wisconsin,530.0,2.0,49,0,0.12,4,1,1,1
792,26388,Brookline,Massachusetts,24.0,1.0,79,1,0.24,6,1,0,0
793,26389,Chicago,Illinois,606.0,1.0,86,0,0.35,11,0,1,1
794,26390,,Florida,,1.0,33,0,0.32,12,0,1,1
795,26391,Los Angeles,California,900.0,25.0,75,1,0.22,0,0,1,1
796,26392,Poway,California,920.0,100.0,44,0,0.22,8,1,0,0
797,26393,,other,,25.0,56,0,0.35,16,1,1,1
798,26394,West Haven,Connecticut,65.0,10.0,70,0,0.22,11,1,1,0
799,26395,,Kansas,,25.0,36,0,0.22,13,1,1,1
800,26396,Greenfield,Massachusetts,13.0,25.0,28,1,0.32,15,0,1,1
801,26397,Mililani,Hawaii,967.0,25.0,95,1,0.37,5,0,0,0
802,26398,Apollo Beach,Florida,335.0,100.58,63,0,0.1,3,0,0,1
803,26399,Madison,Alabama,357.0,50.0,77,1,0.24,5,0,1,0
804,26400,Charlotte,North Carolina,282.0,50.0,43,0,0.37,14,0,0,1
805,26401,Reisterstown,Maryland,211.0,25.0,30,1,0.1,19,1,0,0
806,26402,Janesville,Wisconsin,535.0,25.0,18,1,0.24,5,0,0,0
807,26403,Jacksonville,Florida,322.0,25.0,65,0,0.35,4,1,0,1
808,26404,Abbeville,Alabama,363.0,10.0,28,1,0.37,16,1,0,0
809,26405,,Mississippi,,36.0,91,1,0.1,3,1,1,1
810,26406,Hiram,Georgia,301.0,25.0,81,1,0.12,0,0,0,1
811,26407,Seattle,Washington,981.0,25.0,54,0,0.32,10,1,1,0
812,26408,,other,,25.0,28,1,0.32,11,0,1,1
813,26409,Hurst,Texas,760.0,50.0,83,0,0.22,12,0,1,1
814,26410,Hollywood,Florida,330.0,100.0,27,1,0.22,11,1,1,0
815,26411,Tehachapi,California,935.0,100.0,19,1,0.35,19,1,1,0
816,26412,West Concord,Minnesota,559.0,25.0,27,0,0.1,6,1,1,1
817,26413,Buffalo,Minnesota,553.0,207.09,87,1,0.24,12,1,1,0
818,26414,Mount Juliet,Tennessee,371.0,50.0,91,0,0.1,0,0,0,1
819,26415,,Virginia,,40.0,18,0,0.35,16,1,1,1
820,26416,Wayne,New Jersey,74.0,20.0,61,1,0.32,12,1,0,1
821,26417,Norwalk,California,906.0,25.0,48,0,0.32,13,1,1,0
822,26418,Fremont,California,945.0,25.0,20,0,0.22,2,1,0,1
823,26419,Alcoa,other,377.0,10.0,70,1,0.1,16,1,1,0
824,26420,Houston,Texas,770.0,17.48,80,1,0.35,7,1,1,1
825,26421,Vero Beach,Florida,329.0,25.0,78,0,0.22,15,0,0,0
826,26422,Cary,North Carolina,275.0,50.0,50,0,0.12,8,1,0,1
827,26423,Fayetteville,North Carolina,283.0,25.0,18,1,0.22,1,1,0,0
828,26424,,other,,100.0,96,0,0.12,15,0,0,0
829,26425,South Grafton,Massachusetts,15.0,200.0,43,1,0.1,7,0,1,1
830,26426,Philadelphia,Pennsylvania,191.0,200.0,29,1,0.32,3,1,1,0
831,26427,Alpharetta,Georgia,300.0,100.0,85,0,0.37,18,1,1,0
832,26428,Lexington,South Carolina,290.0,100.0,64,1,0.24,10,0,0,1
833,26429,Los Angeles,California,900.0,100.0,71,0,0.12,4,1,0,0
834,26430,Raleigh,North Carolina,276.0,100.0,82,1,0.37,11,0,0,0
835,26431,Brooklyn,New York,112.0,218.24,34,0,0.24,14,1,0,1
836,26432,Jensen Beach,North Carolina,349.0,100.0,34,1,0.12,18,1,0,1
837,26433,Kansas,Illinois,619.0,25.0,36,0,0.12,11,1,0,1
838,26434,East Brunswick,New Jersey,88.0,100.0,21,1,0.1,11,1,1,1
839,26435,Bryan,Texas,778.0,25.0,47,1,0.12,11,1,1,1
840,26436,Wheeling,West Virginia,260.0,10.0,89,0,0.32,7,0,0,0
841,26437,Ann Arbor,Michigan,481.0,5.0,49,1,0.12,8,1,0,1
842,26438,Grovetown,Georgia,308.0,50.0,84,1,0.35,0,0,0,0
843,26439,Orlando,Florida,328.0,10.0,30,0,0.22,18,0,0,1
844,26440,,other,,25.0,94,1,0.32,18,0,1,1
845,26441,Livonia,Michigan,481.0,46.29,95,0,0.35,17,0,0,1
846,26442,Warminster,Pennsylvania,189.0,25.0,94,1,0.22,1,1,0,0
847,26443,,other,,10.0,96,1,0.1,3,0,1,0
848,26444,,other,977.0,20.0,78,0,0.32,6,0,1,0
849,26445,Tucker,Georgia,300.0,10.0,97,1,0.24,1,0,1,0
850,26446,Blue Springs,Missouri,640.0,30.0,93,0,0.12,2,0,1,1
851,26447,Denver,Colorado,802.0,2.0,93,1,0.32,6,0,0,0
852,26448,Braselton,Georgia,305.0,75.93,19,1,0.24,18,0,0,0
853,26449,Indianapolis,Indiana,462.0,100.0,40,0,0.1,16,0,0,1
854,26450,Dayville,Connecticut,62.0,18.0,34,0,0.12,8,0,1,0
855,26451,Virginia Beach,Virginia,234.0,29.06,62,1,0.1,9,0,1,0
856,26452,,other,,25.0,42,0,0.37,18,1,0,1
857,26453,Scarborough,Maine,40.0,20.0,59,1,0.37,19,1,0,1
858,26454,Rockwall,Texas,750.0,10.0,31,0,0.24,14,1,0,0
859,26455,Moore,South Carolina,293.0,50.0,65,0,0.24,13,1,0,0
860,26456,,Georgia,,25.0,84,0,0.22,5,1,0,0
861,26457,Orlando,Florida,328.0,20.0,83,1,0.32,7,0,1,0
862,26458,Cedar Hill,Texas,751.0,98.0,80,1,0.24,4,1,1,0
863,26459,Portland,Maine,41.0,10.0,69,1,0.35,9,1,0,0
864,26460,Watkinsville,Georgia,306.0,25.0,35,0,0.37,15,1,0,1
865,26461,Fairdale,Kentucky,401.0,5.0,29,1,0.12,11,1,0,1
866,26462,Lafayette,California,945.0,25.0,58,1,0.32,17,0,1,0
867,26463,,other,,50.0,55,0,0.32,5,0,0,1
868,26464,Santa Clara,California,950.0,10.0,50,1,0.37,13,1,0,0
869,26465,Albuquerque,New Mexico,871.0,50.0,58,1,0.37,1,0,0,0
870,26466,Round Lake,Illinois,600.0,50.0,35,1,0.24,10,0,0,1
871,26467,Romeoville,Illinois,604.0,50.0,38,1,0.1,15,1,1,1
872,26468,Victoria,Kansas,676.0,30.0,97,0,0.37,4,1,0,0
873,26469,,California,,436.0,69,0,0.22,0,1,1,0
874,26470,Houston,Texas,770.0,50.0,37,1,0.32,12,0,1,0
875,26471,Chicago,Illinois,606.0,110.0,57,0,0.37,14,1,0,1
876,26472,Egg Harbor Township,New Jersey,82.0,20.0,94,0,0.32,14,0,1,0
877,26473,Seal Beach,California,907.0,132.24,71,1,0.22,16,1,1,1
878,26474,,other,,50.0,19,0,0.32,19,1,0,0
879,26475,Sterling Heights,Michigan,483.0,50.0,74,0,0.37,10,0,0,0
880,26476,Jackson,Mississippi,392.0,25.0,49,1,0.1,18,1,1,1
881,26477,Brighton,Massachusetts,21.0,25.0,34,1,0.22,8,0,1,1
882,26478,Lexington,Kentucky,405.0,25.0,75,0,0.37,8,1,1,0
883,26479,,other,,10.0,53,1,0.12,19,1,0,1
884,26480,Charlo,Montana,598.0,50.0,40,1,0.1,8,0,1,1
885,26481,Palatine,Illinois,600.0,162.45,63,1,0.32,0,0,0,0
886,26482,Morton,Illinois,615.0,25.0,27,0,0.35,4,0,0,1
887,26483,Saratoga,California,950.0,20.0,55,1,0.1,15,1,0,1
888,26484,Elmwood Park,Illinois,607.0,75.0,95,1,0.32,10,1,0,1
889,26485,Hoboken,New Jersey,70.0,5.0,65,1,0.22,5,0,0,0
890,26486,Pearland,Texas,775.0,105.0,24,0,0.32,14,1,0,1
891,26487,Raleigh,North Carolina,276.0,100.0,49,0,0.24,12,1,0,0
892,26488,Minneapolis,Minnesota,554.0,10.0,57,0,0.24,6,0,0,1
893,26489,Chesapeake,Virginia,233.0,20.0,98,0,0.37,15,0,0,1
894,26490,Mesa,Arizona,852.0,50.0,60,1,0.24,15,0,1,0
895,26491,,Arizona,853.0,50.0,41,1,0.37,2,0,1,0
896,26492,Freeport,Pennsylvania,162.0,50.0,51,0,0.35,0,0,1,0
897,26493,Middletown,Rhode Island,28.0,50.0,82,0,0.22,11,1,0,0
898,26494,,California,,20.0,57,1,0.1,7,1,1,0
899,26495,Tulsa,Oklahoma,741.0,322.61,38,0,0.1,10,1,1,0
900,26496,El Paso,Texas,799.0,25.0,51,0,0.12,1,0,0,0
901,26497,Parrish,Florida,342.0,25.0,70,1,0.12,0,0,0,1
902,26498,Denver,Colorado,802.0,35.0,88,1,0.12,3,0,0,0
903,26499,Apopka,Florida,327.0,25.0,29,1,0.1,0,1,1,0
904,26500,Davis,California,956.0,20.0,97,0,0.1,11,1,0,0
905,26501,Newberry,South Carolina,291.0,10.0,59,1,0.22,8,0,1,0
906,26502,,Georgia,,12.34,99,1,0.37,11,0,0,0
907,26503,Norwich,Connecticut,63.0,12.5,91,0,0.37,6,1,1,1
908,26504,Glendale,California,912.0,12.34,65,1,0.37,3,0,1,0
909,26505,Jacksonville,Florida,322.0,10.0,97,0,0.32,12,0,1,1
910,26506,,Virginia,,50.0,90,1,0.1,19,1,1,1
911,26507,Jacksonville,North Carolina,285.0,39.68,18,1,0.22,14,0,0,1
912,26508,Cincinnati,Ohio,452.0,25.0,64,0,0.1,2,0,1,0
913,26509,Santee,California,920.0,100.0,34,0,0.32,5,1,1,1
914,26510,,other,,118.0,98,0,0.1,12,1,1,0
915,26511,Franklin,Wisconsin,531.0,10.0,48,1,0.24,12,0,0,0
916,26512,Social Circle,Georgia,300.0,50.0,54,0,0.32,11,1,1,0
917,26513,Memphis,Tennessee,381.0,50.0,83,1,0.12,13,1,0,1
918,26514,Fort Bragg,North Carolina,283.0,50.0,73,1,0.24,15,1,0,1
919,26515,Boise,Idaho,837.0,141.83,23,0,0.35,12,1,1,0
920,26516,Chicago,Illinois,606.0,50.0,59,0,0.1,10,0,1,0
921,26517,Winchester,Massachusetts,18.0,10.0,29,0,0.37,16,0,0,1
922,26518,Saint Louis,Missouri,631.0,50.0,31,0,0.24,13,1,0,0
923,26519,Akron,Ohio,443.0,32.47,22,0,0.35,14,0,1,1
924,26520,Cincinnati,Ohio,452.0,10.0,53,0,0.1,10,0,0,1
925,26521,Portland,Oregon,972.0,10.0,55,1,0.35,0,0,1,0
926,26522,Toms River,New Jersey,87.0,50.0,60,0,0.24,12,0,1,1
927,26523,Spokane,Washington,992.0,13.0,54,1,0.22,10,0,0,0
928,26524,,Florida,,10.0,93,1,0.12,18,1,1,0
929,26525,Yorktown,Virginia,236.0,15.0,65,1,0.22,9,0,0,0
930,26526,West Des Moines,Iowa,502.0,356.72,46,0,0.32,0,1,0,1
931,26527,Downers Grove,Illinois,605.0,25.0,23,1,0.35,9,1,1,1
932,26528,Las Vegas,Nevada,891.0,25.0,90,1,0.35,8,1,0,1
933,26529,Jacksonville,Florida,322.0,25.0,18,0,0.37,2,0,1,0
934,26530,Halstead,Kansas,670.0,25.0,44,0,0.37,14,1,0,0
935,26531,Livermore,California,945.0,25.0,70,1,0.24,16,1,1,1
936,26532,San Francisco,California,941.0,250.0,20,0,0.1,7,0,0,1
937,26533,Pleasant Prairie,Wisconsin,531.0,50.0,73,0,0.35,0,0,1,0
938,26534,Wilson,North Carolina,278.0,15.0,67,0,0.1,4,1,0,0
939,26535,Levelland,Texas,793.0,135.0,49,1,0.22,16,1,1,1
940,26536,Elk Grove Village,Hawaii,600.0,100.0,32,0,0.12,9,1,1,0
941,26537,Olalla,Washington,983.0,20.0,23,0,0.24,12,1,1,0
942,26538,Columbus,Ohio,430.0,10.0,77,1,0.35,0,1,1,1
943,26539,Harrison,Ohio,450.0,100.0,36,0,0.37,7,0,1,0
944,26540,Moses Lake,Washington,988.0,346.91,67,0,0.22,3,1,1,1
945,26541,Hopkins,South Carolina,290.0,50.0,62,1,0.24,5,1,1,0
946,26542,Keene,New Hampshire,34.0,50.0,43,1,0.12,3,1,1,0
947,26543,Corning,California,960.0,25.0,97,0,0.12,0,0,1,0
948,26544,Riverton,Utah,840.0,25.0,31,0,0.32,1,0,0,1
949,26545,Saint Paul,Minnesota,551.0,100.0,62,1,0.1,18,1,0,0
950,26546,Sarasota,Florida,342.0,243.58,20,0,0.1,5,1,0,1
951,26547,Holyoke,Massachusetts,10.0,50.0,68,1,0.24,17,1,1,1
952,26548,Cambridge,Wisconsin,535.0,113.59,69,1,0.32,2,0,0,0
953,26549,Fort Montgomery,New York,109.0,43.0,33,0,0.32,16,0,1,1
954,26550,Temple,Texas,765.0,20.0,81,1,0.12,4,1,1,1
955,26551,Dinuba,California,936.0,50.0,95,1,0.12,2,1,1,1
956,26552,New York,New York,100.0,59.87,19,0,0.12,6,1,1,0
957,26553,,California,,25.0,75,1,0.24,4,1,0,1
958,26554,Ponca City,Oklahoma,746.0,60.0,96,0,0.35,2,0,0,0
959,26555,Canton,Ohio,447.0,100.0,38,0,0.35,17,0,0,1
960,26556,,California,,25.0,18,1,0.32,15,1,0,1
961,26557,Yorktown Heights,New York,105.0,50.0,62,1,0.24,5,0,1,0
962,26558,New York,New York,101.0,18.07,58,0,0.37,7,1,0,1
963,26559,Loxahatchee,Florida,334.0,25.0,31,0,0.37,8,1,1,0
964,26560,Clearwater,Florida,337.0,15.0,79,1,0.37,18,1,1,0
965,26561,Burlingame,California,940.0,25.0,34,0,0.24,7,1,0,1
966,26562,Athens,Alabama,356.0,250.0,91,1,0.22,8,1,1,0
967,26563,Fremont,California,945.0,27.25,56,0,0.22,14,0,0,1
968,26564,Eastchester,New York,107.0,40.0,70,1,0.12,7,1,1,0
969,26565,Los Angeles,California,900.0,10.0,74,1,0.12,7,0,1,1
970,26566,,Florida,,40.0,86,0,0.37,18,0,1,0
971,26567,Austin,Texas,787.0,6.0,51,1,0.24,15,1,1,0
972,26568,Dallas,Texas,752.0,25.0,98,0,0.37,10,0,0,0
973,26569,,other,,30.0,97,0,0.37,17,0,0,1
974,26570,Gig Harbor,Washington,983.0,50.0,63,0,0.12,4,1,1,1
975,26571,Indianapolis,Indiana,462.0,25.0,34,0,0.32,19,0,1,1
976,26572,Noblesville,Indiana,460.0,123.06,75,0,0.22,6,0,1,0
977,26573,Covington,Louisiana,704.0,50.0,40,0,0.35,14,1,1,0
978,26574,Columbus,Georgia,319.0,50.0,71,1,0.32,7,0,0,1
979,26575,Fort Worth,Texas,761.0,50.0,85,0,0.35,18,1,0,0
980,26576,Buchanan,Virginia,240.0,15.0,56,1,0.32,1,0,1,0
981,26577,Brooklyn,New York,112.0,50.0,42,0,0.32,4,0,1,0
982,26578,Lindstrom,Minnesota,550.0,50.0,40,0,0.24,14,0,0,0
983,26579,Shippensburg,Pennsylvania,172.0,50.0,93,0,0.24,12,0,0,0
984,26580,Baltimore,Maryland,212.0,100.0,95,0,0.22,12,0,0,1
985,26581,Gonzales,Louisiana,707.0,50.0,61,0,0.32,9,0,0,1
986,26582,Erath,Louisiana,705.0,15.0,44,1,0.32,13,0,0,1
987,26583,Suffolk,Virginia,234.0,50.0,70,0,0.35,12,1,0,1
988,26584,Fairfield,Ohio,450.0,50.0,46,0,0.22,12,1,1,1
989,26585,Dallas,Texas,752.0,50.0,81,1,0.1,0,1,1,1
990,26586,Bellwood,Pennsylvania,166.0,50.0,74,1,0.35,6,1,0,1
991,26587,Austin,Texas,787.0,15.0,59,0,0.22,6,0,1,0
992,26588,Los Angeles,California,900.0,15.0,62,0,0.22,14,1,1,1
993,26589,Rockville,Maryland,208.0,10.0,35,1,0.24,11,1,0,0
994,26590,Covington,Georgia,300.0,50.0,61,1,0.35,17,1,1,1
995,26591,Armonk,New York,105.0,50.0,57,0,0.32,17,0,0,0
996,26592,Lawrenceburg,Indiana,470.0,100.0,71,0,0.12,6,1,1,0
997,26593,Fiskeville,Rhode Island,28.0,187.31,78,1,0.1,13,0,1,1
998,26594,Miami,Florida,331.0,25.0,96,0,0.1,12,0,1,0
